type,dataset,metric,ori,combined-0.1,improvement-0.1,combined-0.2,improvement-0.2,combined-0.3,improvement-0.3,combined-0.4,improvement-0.4,combined-0.5,improvement-0.5,combined-0.6,improvement-0.6,combined-0.7,improvement-0.7,combined-0.8,improvement-0.8,combined-0.9,improvement-0.9
MT,wmt21.news,BARTScore_bart-large-cnn,0.6861350359038628,0.6941324565307249,1.1655753180314976,0.6991492971072982,1.896749258153152,0.7010188780707562,2.1692292898709997,0.6996362420434369,1.967718515027972,0.6949709512613168,1.2877808150132175,0.6870738564346536,0.13682737094951047,0.6760750211816655,-1.4661858374488967,0.6621762348652798,-3.4918492402915335,0.6456457269084019,-5.901070033848843
MT,wmt20,BARTScore_bart-large-cnn,0.8352951726495519,0.8559516038891648,2.472949912315525,0.872427856734175,4.4454565643948785,0.8850114543834261,5.9519417041731915,0.8939854350217651,7.026290141968383,0.8996146576735276,7.700210312476075,0.9021409764853574,8.002656548794729,0.9017861280301724,7.960174745139681,0.8987599150691932,7.597882101764264,0.8932718403040548,6.940859896340745
Adv.,paws_back,BARTScore_bart-large-cnn,0.7623888888888889,0.8701111111111111,14.12956350652188,0.9005555555555556,18.122859433068573,0.9090000000000001,19.230488960139922,0.9103888888888889,19.412664869197705,0.9099444444444446,19.35436857829922,0.9092222222222222,19.259637105589157,0.9071111111111111,18.98272972382131,0.9036666666666667,18.53093346935801,0.9003888888888889,18.100998323981642
Adv.,paws_para,BARTScore_bart-large-cnn,0.43511111111111117,0.6059444444444445,39.26200204290091,0.7516111111111111,72.74004085801838,0.8340555555555556,91.68794688457606,0.8740555555555556,100.88100102145043,0.8967222222222223,106.09039836567926,0.9083888888888888,108.77170582226756,0.9157777777777777,110.46986721144019,0.9202777777777779,111.50408580183861,0.9266111111111113,112.95965270684371
Adv.,wmt20_google-de,BARTScore_bart-large-cnn,0.495,0.5950000000000001,20.202020202020222,0.7,41.41414141414141,0.7777777777777778,57.12682379349046,0.8216666666666667,65.99326599326601,0.8438888888888889,70.48260381593717,0.8588888888888887,73.51290684624014,0.8666666666666667,75.08417508417509,0.8805555555555554,77.89001122334453,0.8933333333333334,80.4713804713805
Adv.,xpaws-de,BARTScore_bart-large-cnn,0.6344562259553888,0.7663674286441833,20.79122204059982,0.8607327196838035,35.66463444939465,0.9043305669591913,42.53632165046775,0.9180326040017758,44.695972148333276,0.9261007899692858,45.96764159335458,0.9279272816297719,46.255524600213846,0.930923522043103,46.727777892207186,0.9311246156038714,46.75947331145627,0.9281645552048714,46.29292254279722
MT,wmt21.news,BARTScore_bart-large-cnn+para_bi,0.7238962835954738,0.7200197612662677,-0.5355079749756464,0.7141145286494011,-1.351264700170629,0.7065543390310431,-2.395639397165572,0.6976406204289153,-3.626992396776918,0.6876213424600789,-5.011068844727751,0.6767003624065107,-6.519707623659665,0.6650427352364068,-8.130107819693599,0.6527792239818079,-9.824205652837325,0.6400117677589561,-11.587919117346079
MT,wmt20,BARTScore_bart-large-cnn+para_bi,0.8792946242158276,0.8896722253633204,1.180218877915662,0.8966531746028071,1.974144946292622,0.9008669967987151,2.4533725089160185,0.9028234727599461,2.675877674687488,0.9029319095629408,2.688209923743523,0.9015231494622992,2.52799512635431,0.8988688636975073,2.226129779780739,0.8951964046087835,1.8084701026277017,0.8906994251615549,1.2970397670631018
Adv.,paws_back,BARTScore_bart-large-cnn+para_bi,0.5915555555555555,0.8231666666666667,39.152892561983485,0.8603888888888889,45.44515401953419,0.876388888888889,48.149887302779895,0.8825555555555556,49.19233658903084,0.8866666666666667,49.8873027798648,0.8893333333333333,50.33809166040572,0.8917222222222223,50.741923365890344,0.8927777777777778,50.92036063110446,0.8955555555555557,51.38993238166796
Adv.,paws_para,BARTScore_bart-large-cnn+para_bi,0.6191111111111112,0.7727222222222223,24.811557788944725,0.855,38.10122038765253,0.8916111111111111,44.01471643933954,0.9097777777777778,46.94903086862885,0.9191666666666668,48.46554199569275,0.9237777777777778,49.21033740129217,0.9267777777777779,49.69490308686289,0.9287777777777778,50.01794687724335,0.9302777777777779,50.260229720028725
Adv.,wmt20_google-de,BARTScore_bart-large-cnn+para_bi,0.7622222222222222,0.825,8.23615160349853,0.8583333333333333,12.609329446064121,0.8794444444444445,15.379008746355694,0.8894444444444445,16.69096209912537,0.8955555555555557,17.492711370262406,0.9011111111111111,18.221574344023317,0.9038888888888889,18.586005830903773,0.9066666666666667,18.950437317784253,0.9072222222222222,19.023323615160347
Adv.,xpaws-de,BARTScore_bart-large-cnn+para_bi,0.7500589328963234,0.8520733367507105,13.600851797133128,0.9062338874750606,20.821691167075862,0.9203761605075884,22.70717941503497,0.9259573331522992,23.451277298538532,0.9291538003517873,23.877439438511328,0.9284501425227636,23.783625766256723,0.9285258870149065,23.793724238366167,0.9278183600213714,23.69939471804394,0.9276963223540518,23.683124307551196
MT,wmt21.news,BERTScore_roberta-large_L17_idf_version=0.3.11(hug_trans=4.17.0),0.7111003576404709,0.7052995618175242,-0.8157492484175521,0.6976148229386216,-1.8964319954212994,0.6897708125787362,-2.9995126331407107,0.6818678033438105,-4.110890113128063,0.673751697973081,-5.2522346903773,0.665284850697286,-6.44290309390464,0.656381684257961,-7.694929807667938,0.6470020179752934,-9.013965325212968,0.6371407996989754,-10.400720115920548
MT,wmt20,BERTScore_roberta-large_L17_idf_version=0.3.11(hug_trans=4.17.0),0.8872138351303926,0.8967882051276185,1.0791502136369147,0.9021977326796524,1.688871042803064,0.9048790883058866,1.9910930686622752,0.9055443914167816,2.0660809785157275,0.9046486112959349,1.9651154519000347,0.9025114081148636,1.7242261536896342,0.8993682094846667,1.3699486947797324,0.8953997813880413,0.9226576427818767,0.8907513876036637,0.39872602671384705
Adv.,paws_back,BERTScore_roberta-large_L17_idf_version=0.3.11(hug_trans=4.17.0),0.41538888888888886,0.7018333333333334,68.95813829075837,0.7983333333333333,92.1893807676876,0.837,101.4979269760599,0.858111111111111,106.58017921626319,0.8713333333333333,109.76327404039053,0.8796666666666666,111.76942624047079,0.8855,113.17373278052693,0.8897222222222223,114.19018322856762,0.8940555555555556,115.23338237260936
Adv.,paws_para,BERTScore_roberta-large_L17_idf_version=0.3.11(hug_trans=4.17.0),0.4895,0.6559444444444443,34.00295085688343,0.7786111111111111,59.06253546702986,0.8496111111111111,73.56713199409828,0.8863333333333334,81.06911814776984,0.9045,84.78038815117466,0.9159444444444446,87.11837475882422,0.9208333333333333,88.1171263193735,0.9257222222222222,89.11587787992283,0.9289444444444445,89.77414595392123
Adv.,wmt20_google-de,BERTScore_roberta-large_L17_idf_version=0.3.11(hug_trans=4.17.0),0.5011111111111111,0.5977777777777777,19.290465631929045,0.706111111111111,40.90909090909089,0.7622222222222221,52.10643015521064,0.8044444444444445,60.53215077605325,0.8383333333333334,67.2949002217295,0.8527777777777777,70.17738359201775,0.8716666666666667,73.9467849223947,0.883888888888889,76.38580931263861,0.8938888888888888,78.38137472283815
Adv.,xpaws-de,BERTScore_roberta-large_L17_idf_version=0.3.11(hug_trans=4.17.0),0.6360317631305921,0.7330437506197622,15.252695401825612,0.8292437795411067,30.377730737771948,0.8834047538956126,38.893181929693824,0.9109340055737462,43.22146445801172,0.9268794442758256,45.72848370239582,0.9257381644361805,45.54904614820392,0.9275401216979409,45.83235861248889,0.9296080851500995,46.15749386076327,0.9295526706503154,46.14878132422086
MT,wmt21.news,BLEURT_BLEURT-20,0.7267961403079306,0.7242129005840112,-0.35542837676943995,0.7195390801949835,-0.9985000897050011,0.7129209643596155,-1.9090877315936838,0.7045134994870857,-3.0658722006151717,0.6944878197579872,-4.445307116828512,0.6830301058090298,-6.0217758559309225,0.6703362651300758,-7.76832347430102,0.6566057497558402,-9.657507333810555,0.6420363740615871,-11.662110122163327
MT,wmt20,BLEURT_BLEURT-20,0.8875117649133248,0.8958676307857317,0.9414935331277574,0.9012761270896676,1.550893489021754,0.9043045241715287,1.8921168058931404,0.9054083227216732,2.0164868248361945,0.9049364954091919,1.963323888733881,0.9031437991523864,1.7613326219498848,0.9002072448463133,1.4304576496772858,0.8962450220262921,0.9840159261235382,0.8913369162029319,0.4309972488061087
Adv.,paws_back,BLEURT_BLEURT-20,0.7466666666666666,0.8354444444444443,11.889880952380949,0.8706111111111112,16.599702380952408,0.8850555555555556,18.5342261904762,0.8921666666666668,19.48660714285717,0.896888888888889,20.119047619047635,0.8989444444444445,20.39434523809527,0.8995555555555556,20.476190476190492,0.8987222222222222,20.364583333333353,0.8978888888888891,20.252976190476236
Adv.,paws_para,BLEURT_BLEURT-20,0.6902777777777778,0.7945,15.098591549295781,0.8613333333333334,24.78068410462777,0.8951111111111112,29.67404426559357,0.9112777777777777,32.01609657947686,0.9190555555555555,33.14285714285714,0.9239444444444445,33.85110663983903,0.9266666666666666,34.24547283702213,0.9288333333333334,34.55935613682093,0.9297222222222222,34.68812877263581
Adv.,wmt20_google-de,BLEURT_BLEURT-20,0.6905555555555556,0.7583333333333333,9.814963797264674,0.8138888888888889,17.86001609010457,0.8472222222222223,22.68704746580854,0.866111111111111,25.42236524537409,0.8788888888888889,27.27272727272727,0.8855555555555557,28.23813354786806,0.8922222222222221,29.20353982300883,0.8972222222222221,29.92759452936442,0.9022222222222224,30.651649235720058
Adv.,xpaws-de,BLEURT_BLEURT-20,0.8229101433925617,0.8734058170609461,6.136231771333978,0.9137304202740351,11.036475563061355,0.932452807593471,13.311619145840691,0.9382483691148473,14.01589549580562,0.9397250592181865,14.1953428042628,0.9358579805773929,13.725415598741787,0.9341418955097028,13.516877026035035,0.9338638591862486,13.48309006573485,0.9335221542138298,13.44156609435565
MT,wmt21.news,COMET_wmt20-comet-da,0.7301265529186853,0.7277215005838311,-0.32940211874776804,0.7231118708838087,-0.9607487916766466,0.716385582115822,-1.8819985039488896,0.707664614623844,-3.0764445156869824,0.6971303434023659,-4.51924524377546,0.6850254761565171,-6.177158820190332,0.6716382924139592,-8.010701743542803,0.6572774680561728,-9.977596975660985,0.6422460316748678,-12.036340945623003
MT,wmt20,COMET_wmt20-comet-da,0.8855026038924455,0.8955000071444443,1.1290089050052243,0.9022947868563376,1.8963448430391772,0.906302694945814,2.3489587678157564,0.9079309688072094,2.532840086090582,0.9075536542708015,2.4902298741330764,0.905499441332639,2.2582471640729684,0.9020496508251187,1.8686615781745353,0.897442833113972,1.3484126606788438,0.8918824878835284,0.7204816748181742
Adv.,wmt20_google-de,COMET_wmt20-comet-da,0.5738888888888889,0.7377777777777779,28.55759922555665,0.8083333333333333,40.85188770571153,0.8461111111111111,47.434656340755076,0.8633333333333333,50.43562439496612,0.8783333333333334,53.04937076476284,0.8911111111111111,55.2758954501452,0.8972222222222221,56.3407550822846,0.9022222222222221,57.21200387221683,0.9066666666666667,57.98644724104551
Adv.,xpaws-de,COMET_wmt20-comet-da,0.7651891493636034,0.8843868213048746,15.577543413991979,0.9264768759934598,21.07815129945283,0.9478361979677374,23.8695293518,0.9460429396473565,23.63517444466725,0.9467445038377519,23.72685951246767,0.9421791538707978,23.130229258268287,0.9403497572002338,22.89115155152277,0.9367247377423225,22.41740993339787,0.9319569810620578,21.794327825630155
MT,wmt21.news,MoverScore_bert_mnli_1-gram_idf(True),0.7028544617721032,0.7003133961141363,-0.3615351109189868,0.6957758257311093,-1.0071268557001911,0.6897354897667436,-1.8665275272327086,0.6825647269892932,-2.886761895436163,0.6745401529385519,-4.028473940702126,0.6658605333506582,-5.263383877249983,0.6566642515907153,-6.571802939818971,0.6470471099690739,-7.940100666405748,0.6370793625611865,-9.358281520341826
MT,wmt20,MoverScore_bert_mnli_1-gram_idf(True),0.9101272366950287,0.9131664542863746,0.3339332643622628,0.9141757695376089,0.4448315223794186,0.9135562821056006,0.37676549742911014,0.9116483247335629,0.16712916361647512,0.908731539436902,-0.15335188332512573,0.9050315878664648,-0.5598831265689719,0.9007296488610759,-1.0325575870115178,0.8959719121400915,-1.5553127062035599,0.8908776110236014,-2.1150477532492107
Adv.,paws_back,MoverScore_bert_mnli_1-gram_idf(True),0.5837222222222223,0.7614444444444444,30.446369087275137,0.8267777777777777,41.63890739506995,0.8546111111111111,46.40715713333967,0.8716111111111111,49.319501284857715,0.8811111111111111,50.94698772247072,0.8867222222222222,51.908251641762625,0.8902222222222222,52.507851908251645,0.8941111111111112,53.17407442657276,0.8957222222222223,53.45008089844867
Adv.,paws_para,MoverScore_bert_mnli_1-gram_idf(True),0.5095555555555555,0.6202777777777778,21.729175752289585,0.7371666666666666,44.668556476232,0.8243888888888888,61.78587003924989,0.8733888888888889,71.40209332751854,0.8968333333333334,76.00305276929788,0.9100555555555556,78.59790667248147,0.9182777777777777,80.21151330135194,0.9226666666666667,81.07283035324903,0.9273888888888888,81.9995638901003
Adv.,wmt20_google-de,MoverScore_bert_mnli_1-gram_idf(True),0.3283333333333333,0.45499999999999996,38.57868020304569,0.5538888888888889,68.69712351945856,0.6544444444444444,99.32318104906936,0.7305555555555556,122.50423011844336,0.7733333333333333,135.53299492385787,0.8033333333333332,144.67005076142132,0.8288888888888889,152.45346869712355,0.8477777777777777,158.20642978003386,0.8777777777777778,167.3434856175973
Adv.,xpaws-de,MoverScore_bert_mnli_1-gram_idf(True),0.4897029592483684,0.6023101552147685,22.9950000994966,0.7066994226203539,44.31185462000218,0.8020471005582948,63.78236753752413,0.8603967750598467,75.6976875084533,0.8867327517868488,81.07563677946128,0.900337760657785,83.85385337260136,0.9052790538888692,84.86289224765093,0.9130847220499798,86.45685201728175,0.91996169721194,87.8611676400657
MT,wmt21.news,SentSim_new_BERTScore_ref,0.25813360979910255,0.3116799664596813,20.74365934070044,0.3707255469551213,43.61769753409701,0.4303660485097485,66.7222059323035,0.48407924033585115,87.53049659538527,0.5276964003587599,104.42762210215469,0.5609857222234936,117.32378153317251,0.5862077168637877,127.09468841349837,0.606089939875173,134.79698763244124,0.6210293071930441,140.58444294657022
MT,wmt20,SentSim_new_BERTScore_ref,0.543050370390489,0.6034112983315587,11.115161913556237,0.6552950369770165,20.669291967486593,0.7034975984224257,29.5455517167891,0.7469442770247624,37.54603951152087,0.784601969884122,44.48051463806968,0.817003667583422,50.447124637065,0.8447205899339041,55.551056769649996,0.8665976722889512,59.57961167871231,0.8803919354381151,62.11975600072888
Adv.,paws_back,SentSim_new_BERTScore_ref,0.8721666666666666,0.906277777777778,3.9110771386712706,0.9172777777777777,5.172303968405623,0.9226666666666667,5.790177718326017,0.9239999999999999,5.94305369768775,0.9238333333333334,5.923944200267539,0.9210555555555556,5.605452576597236,0.9173333333333333,5.178673800879041,0.9121666666666667,4.586279380852298,0.9056666666666666,3.8410089814637782
Adv.,paws_para,SentSim_new_BERTScore_ref,0.6674444444444444,0.7519444444444444,12.660229731979356,0.8195000000000001,22.781754619610474,0.8597777777777778,28.81638088896288,0.8862222222222222,32.77842517063427,0.902,35.14233394373232,0.9129444444444444,36.78208756450809,0.919,37.68936241052108,0.9238888888888889,38.421841185283846,0.9281666666666667,39.06276011320129
Adv.,wmt20_google-de,SentSim_new_BERTScore_ref,0.6122222222222222,0.6788888888888889,10.88929219600725,0.7361111111111112,20.235934664246823,0.7916666666666666,29.31034482758621,0.8177777777777777,33.5753176043557,0.8444444444444444,37.93103448275863,0.8566666666666666,39.92740471869327,0.8677777777777778,41.742286751361156,0.8788888888888889,43.557168784029045,0.8894444444444444,45.28130671506352
Adv.,xpaws-de,SentSim_new_BERTScore_ref,0.5888226461441126,0.6931163768463482,17.71224856672886,0.7857041511820716,33.43646959355786,0.8392961688698293,42.538024711844045,0.8711004948016536,47.93936688848994,0.8864028881179383,50.538178842563376,0.8972820349228314,52.38578896356243,0.9043010733840663,53.57783524561337,0.9126834193288909,55.001412616442444,0.9197973592896879,56.2095760604578
Adv.,paws_back,SentSim_new_WMD_ref,0.8335555555555555,0.8769444444444445,5.205278592375384,0.8987777777777778,7.824580111970159,0.9088888888888889,9.03758997600641,0.913,9.53079178885632,0.9151666666666666,9.79072247400692,0.9146666666666666,9.730738469741397,0.9135000000000001,9.590775793121864,0.9088333333333333,9.03092508664356,0.9037222222222222,8.417755265262606
Adv.,paws_para,SentSim_new_WMD_ref,0.5753888888888888,0.6779444444444445,17.82369411991891,0.766,33.127353480737675,0.8289444444444444,44.06681471468572,0.8660555555555556,50.51655884908759,0.8871111111111111,54.175919667857485,0.9011111111111111,56.60905667664382,0.9103333333333333,58.21183740465388,0.9182222222222222,59.58289079849377,0.9249444444444445,60.751182774934854
Adv.,wmt20_google-de,SentSim_new_WMD_ref,0.5511111111111111,0.6233333333333335,13.104838709677447,0.7,27.01612903225805,0.7633333333333332,38.508064516129004,0.8022222222222223,45.56451612903227,0.8305555555555556,50.70564516129033,0.8461111111111111,53.52822580645162,0.8594444444444445,55.947580645161295,0.8688888888888888,57.661290322580626,0.8861111111111111,60.78629032258065
Adv.,xpaws-de,SentSim_new_WMD_ref,0.5427198249138498,0.64504570052348,18.85427266746209,0.7532218083107943,38.7864923545697,0.8203102402655335,51.14801461246559,0.863986769781691,59.19572680412741,0.8796171319495216,62.075732554850035,0.8911813446719208,64.20652125862271,0.8995054984467061,65.74030598375353,0.9084287986613861,67.38448771529364,0.9165291291373846,68.87703140066283
MT,wmt21.news,BARTScore_bart-large-cnn,0.6861350359038628,0.6995445522654841,1.9543552886723825,0.7096006858629618,3.41997547584596,0.7159695801266708,4.348203001105477,0.7184134431415432,4.704381141994762,0.7167978749818981,4.468921928413461,0.7110865048813864,3.636524542818953,0.7013298209288222,2.214547316468529,0.6876639079789577,0.22282378760631882,0.6703317750104149,-2.303228966092652
MT,wmt20,BARTScore_bart-large-cnn,0.8352951726495519,0.8580088807148807,2.7192433057264154,0.8760971612403978,4.884738943411127,0.8898540779091437,6.531691675714013,0.8995818621817604,7.696284096589645,0.9055876352980053,8.415284195344519,0.9081836378001474,8.72607283475537,0.9076849104802426,8.666366118347213,0.904401380220131,8.273267921730532,0.8986259202115787,7.581840484141922
Adv.,paws_back,BARTScore_bart-large-cnn,0.7623888888888889,0.8715555555555555,14.319026451941985,0.8947777777777777,17.365007651388176,0.8995555555555556,17.991692778546977,0.901888888888889,18.29774830576405,0.9032222222222224,18.47263717845955,0.9046666666666666,18.66210012387961,0.9045555555555556,18.647526051155005,0.9038333333333335,18.552794578444963,0.9025000000000001,18.377905705749487
Adv.,paws_para,BARTScore_bart-large-cnn,0.43511111111111117,0.6011111111111113,38.15117466802862,0.739611111111111,69.98212461695603,0.8071666666666667,85.50817160367721,0.8396111111111111,92.96475995914196,0.8559444444444444,96.71859039836563,0.8671111111111112,99.28498467824309,0.8772777777777778,101.62155260469868,0.8878888888888888,104.06026557711945,0.8995555555555556,106.74157303370784
Adv.,wmt20_google-de,BARTScore_bart-large-cnn,0.495,0.5950000000000001,20.202020202020222,0.6872222222222222,38.8327721661055,0.7561111111111111,52.749719416386064,0.8016666666666666,61.95286195286196,0.8266666666666667,67.003367003367,0.8422222222222222,70.14590347923682,0.8566666666666667,73.06397306397308,0.87,75.75757575757575,0.883888888888889,78.56341189674525
Adv.,xpaws-de,BARTScore_bart-large-cnn,0.6344562259553888,0.7483082815258328,17.94482438863316,0.8448318709458933,33.15841761560661,0.8922242726549546,40.62818460192565,0.9114215655172815,43.65397142172065,0.9163553573682606,44.43161243919975,0.9201761028752813,45.03382033798226,0.9227753447140563,45.44350058579778,0.9258567494631179,45.92917707899027,0.9290440190001849,46.43153948110359
MT,wmt21.news,BARTScore_bart-large-cnn+para_bi,0.7238962835954738,0.7243412968876733,0.06147473088122801,0.7224074239696845,-0.20567305835503813,0.718444533276089,-0.7531120746064324,0.7127089387822808,-1.5454347627849696,0.7053956686024875,-2.555699678564005,0.6966577996732211,-3.762760569368262,0.6866194592832314,-5.149470325651418,0.6753861354896975,-6.701256686225044,0.6630543983766503,-8.404779330628953
MT,wmt20,BARTScore_bart-large-cnn+para_bi,0.8792946242158276,0.8913747097831715,1.3738382147072903,0.8996728027459546,2.3175597767700173,0.9048340650640551,2.9045373581129352,0.9074195864616392,3.1985823035019623,0.9079058054975542,3.2538787903136024,0.9066913715781617,3.115764228260476,0.9041068948377653,2.821838089146267,0.9004249672147322,2.4031015790354715,0.8958695107019004,1.8850207916208506
Adv.,paws_back,BARTScore_bart-large-cnn+para_bi,0.5915555555555555,0.8085555555555555,36.68294515401953,0.8395555555555555,41.92336589030805,0.8531666666666667,44.22426746806916,0.8621666666666665,45.7456799398948,0.8673333333333333,46.619083395942894,0.8720555555555556,47.41735537190084,0.8757222222222222,48.03719008264464,0.8782222222222222,48.45980465815178,0.8813333333333334,48.98572501878289
Adv.,paws_para,BARTScore_bart-large-cnn+para_bi,0.6191111111111112,0.7666666666666667,23.833452979181622,0.8376666666666668,35.30150753768846,0.8675,40.1202440775305,0.8822222222222221,42.49820531227564,0.8899444444444445,43.74551328068917,0.8962222222222223,44.759511844938984,0.9019444444444444,45.683776022971976,0.9066111111111113,46.43754486719311,0.9129444444444444,47.46051687006461
Adv.,wmt20_google-de,BARTScore_bart-large-cnn+para_bi,0.7622222222222222,0.8222222222222223,7.871720116618075,0.8538888888888889,12.0262390670554,0.8766666666666666,15.014577259475214,0.8877777777777777,16.47230320699706,0.8955555555555557,17.492711370262406,0.9011111111111111,18.221574344023317,0.9027777777777778,18.440233236151606,0.9049999999999999,18.731778425655964,0.9116666666666666,19.606413994169092
Adv.,xpaws-de,BARTScore_bart-large-cnn+para_bi,0.7500589328963234,0.8441585962177246,12.545635975301161,0.8977501335199096,19.69061285001732,0.916881865471989,22.241310016998984,0.9217355333500774,22.88841488639186,0.9261705298404225,23.479701290144096,0.9289806571667248,23.85435549437458,0.9296113622129254,23.9384428931827,0.9297573072167533,23.957900698086696,0.9302634629083565,24.025382821077844
MT,wmt21.news,BERTScore_roberta-large_L17_idf_version=0.3.11(hug_trans=4.17.0),0.7111003576404709,0.7098948094734919,-0.169532774667569,0.7066816324798781,-0.6213926224499011,0.7026698108666629,-1.1855635682397447,0.6979580296150454,-1.8481678266951684,0.6924460069002006,-2.6233077426887963,0.686018629238318,-3.5271713946787298,0.6785812333384256,-4.573071009266294,0.6700676327720435,-5.770314193706727,0.6604454440919187,-7.123454939135754
MT,wmt20,BERTScore_roberta-large_L17_idf_version=0.3.11(hug_trans=4.17.0),0.8872138351303926,0.8986989411307672,1.2945138528736466,0.9053681508944467,2.046216486399355,0.9088568025743766,2.4394307873707888,0.9100104504110572,2.5694612029256936,0.9093920868711068,2.4997639647328818,0.907404634527739,2.275753442728834,0.9043421009188073,1.9305679319008062,0.9004217002126508,1.4886901623121007,0.8958069358630032,0.9685490005177488
Adv.,paws_back,BERTScore_roberta-large_L17_idf_version=0.3.11(hug_trans=4.17.0),0.41538888888888886,0.6953333333333334,67.39333957469576,0.7878888888888889,89.67500334358701,0.8211111111111111,97.67286344790693,0.8383333333333334,101.81891132807279,0.8492222222222222,104.4402835361776,0.857,106.3126922562525,0.8627222222222223,107.69025010030764,0.8678333333333332,108.92069011635681,0.8738888888888889,110.37849404841515
Adv.,paws_para,BERTScore_roberta-large_L17_idf_version=0.3.11(hug_trans=4.17.0),0.4895,0.6506666666666666,32.92475314947225,0.7693333333333333,57.167177391896494,0.8292222222222221,69.40188400862554,0.8602222222222222,75.73487685847238,0.8746111111111112,78.67438429236185,0.8828333333333332,80.35410282601292,0.8903888888888889,81.8976279650437,0.8970555555555557,83.25956191124735,0.9060555555555556,85.0981727386222
Adv.,wmt20_google-de,BERTScore_roberta-large_L17_idf_version=0.3.11(hug_trans=4.17.0),0.5011111111111111,0.5950000000000001,18.736141906873648,0.6983333333333334,39.35698447893572,0.7655555555555555,52.77161862527717,0.8055555555555557,60.75388026607542,0.8305555555555555,65.74279379157429,0.8461111111111111,68.84700665188473,0.8588888888888889,71.3968957871397,0.8688888888888889,73.39246119733926,0.8855555555555555,76.71840354767185
Adv.,xpaws-de,BERTScore_roberta-large_L17_idf_version=0.3.11(hug_trans=4.17.0),0.6360317631305921,0.7219655506411373,13.510927046720633,0.8152842526424192,28.18294618330601,0.8710277305560724,36.94720626353849,0.9052585300781604,42.329138661631546,0.916736236289382,44.13371932513923,0.9214013559337375,44.8671920720652,0.9250075317740433,45.43417253583257,0.9291752384409355,46.08943960085754,0.9308633427484868,46.354851551235974
MT,wmt21.news,BLEURT_BLEURT-20,0.7267961403079306,0.7279916146187037,0.16448550624752478,0.7267884763714177,-0.0010544822802160958,0.7233731990522927,-0.47096304806842904,0.7178985188529464,-1.224225193492967,0.7105029335884827,-2.241784981486661,0.7013222554731531,-3.5049559872435077,0.6904970428802055,-4.9943987611637315,0.678177685484736,-6.689421163215837,0.664527334101824,-8.567575246027648
MT,wmt20,BLEURT_BLEURT-20,0.8875117649133248,0.8973783091160783,1.1117085533753013,0.9037894342505519,1.8340792742974843,0.9074283728847213,2.24409509358352,0.9088716055340867,2.4067107012207156,0.908583520452489,2.374250840632186,0.906921433159488,2.1869758817291585,0.9041467932861437,1.8743445473585751,0.9004391979504902,1.4565928642566117,0.8959113257792455,0.9464168474139445
Adv.,paws_back,BLEURT_BLEURT-20,0.7466666666666666,0.8323333333333333,11.473214285714285,0.8587777777777778,15.01488095238097,0.8678333333333333,16.227678571428594,0.8730555555555556,16.92708333333335,0.8774444444444444,17.514880952380963,0.8816111111111111,18.072916666666682,0.8839444444444443,18.385416666666664,0.8862777777777778,18.697916666666693,0.8882777777777778,18.965773809523824
Adv.,paws_para,BLEURT_BLEURT-20,0.6902777777777778,0.787,14.012072434607648,0.8432222222222222,22.156941649899387,0.8694444444444445,25.955734406438637,0.8824444444444445,27.839034205231393,0.8880555555555555,28.651911468812873,0.8928333333333334,29.344064386317914,0.8982222222222221,30.124748490945663,0.9026111111111111,30.760563380281702,0.9081111111111111,31.557344064386328
Adv.,wmt20_google-de,BLEURT_BLEURT-20,0.6905555555555556,0.7544444444444445,9.251810136765881,0.8033333333333332,16.331456154464984,0.8405555555555556,21.72164119066775,0.8572222222222222,24.1351568785197,0.8644444444444445,25.181013676588893,0.8755555555555555,26.790024135156877,0.8827777777777777,27.835880933226044,0.8894444444444445,28.801287208366855,0.9027777777777778,30.732099758648435
Adv.,xpaws-de,BLEURT_BLEURT-20,0.8229101433925617,0.8708025117491809,5.819878238367093,0.9053122302752763,10.013497529997672,0.9265769640640298,12.597586930219041,0.9321676719672042,13.276969478613188,0.9327174556992917,13.34377917059497,0.9335432877868975,13.444134245111528,0.9324099858963059,13.306415455315168,0.9346928923096363,13.58383412996158,0.9338052762804226,13.475971073910964
MT,wmt21.news,COMET_wmt20-comet-da,0.7301265529186853,0.7306582986905602,0.07282926086569219,0.7288846159075433,-0.1700988693230543,0.7249683596265785,-0.706479345462363,0.7190353919937634,-1.5190737661279319,0.7112122105741889,-2.5905567012850295,0.7016458711206262,-3.9007870189363025,0.6905104785125705,-5.425918869509583,0.6780037633009964,-7.138870571043842,0.6643370725115899,-9.010695494377185
MT,wmt20,COMET_wmt20-comet-da,0.8855026038924455,0.8967269878993,1.2675721062270107,0.904439383292013,2.1385345809629808,0.9090959749027074,2.6644044756674257,0.911167068924842,2.898293570180588,0.9111004117248978,2.8907659582174894,0.9092962587588401,2.6870225747280374,0.906095060505599,2.3255105657097097,0.9017756237820767,1.837715645114879,0.8965603514599175,1.248753817195447
Adv.,wmt20_google-de,COMET_wmt20-comet-da,0.5738888888888889,0.74,28.944820909970947,0.8072222222222222,40.65827686350434,0.846111111111111,47.434656340755076,0.8594444444444445,49.75798644724105,0.8727777777777779,52.08131655372703,0.8816666666666667,53.630203291384326,0.8916666666666667,55.372700871248796,0.9011111111111111,57.01839303000968,0.9083333333333332,58.276863504356214
Adv.,xpaws-de,COMET_wmt20-comet-da,0.7651891493636034,0.8761203707465945,14.497228753864455,0.9255564860067506,20.95786862327078,0.9506800477604465,24.241182529981398,0.9530820607871053,24.555093545141048,0.9524145094082207,24.46785349744307,0.9530626600002385,24.552558121464063,0.9516094257237572,24.362639814638886,0.947093864184545,23.77251624284389,0.9435416939875092,23.30829504995451
MT,wmt21.news,MoverScore_bert_mnli_1-gram_idf(True),0.7028544617721032,0.7032505286661989,0.056351195821835454,0.701808491719181,-0.14881744512014183,0.6988751704816245,-0.5661614895985378,0.6946785165803934,-1.1632486718652801,0.6893781740523455,-1.9173653227981258,0.6830914431842673,-2.811822313542345,0.67590904453494,-3.8337121982872313,0.667906492021248,-4.9722910860864555,0.6591534739708964,-6.217643933144245
MT,wmt20,MoverScore_bert_mnli_1-gram_idf(True),0.9101272366950287,0.9145219910162968,0.48287251980578816,0.916542034522444,0.7048242892619516,0.9166481466083022,0.71648332786447,0.9152519545867432,0.5630770825323372,0.9127019680296128,0.2828979543490817,0.9092807870565094,-0.09300344000175986,0.9052105070352452,-0.5402244281401569,0.9006622812857572,-1.0399595823153085,0.8957668647097214,-1.577842240767835
Adv.,paws_back,MoverScore_bert_mnli_1-gram_idf(True),0.5837222222222223,0.7629999999999999,30.71285809460358,0.8268888888888889,41.65794232416484,0.848611111111111,45.379270962215635,0.8612222222222222,47.53973541448558,0.8700555555555556,49.05301227752928,0.8766666666666666,50.18559055867515,0.8813333333333333,50.985057580660495,0.8847777777777777,51.575140382602044,0.887888888888889,52.10811839725898
Adv.,paws_para,MoverScore_bert_mnli_1-gram_idf(True),0.5095555555555555,0.6208888888888889,21.84910597470564,0.7250555555555555,42.29175752289576,0.8057777777777777,58.133449629306575,0.8467777777777779,66.17967727867425,0.8667222222222223,70.09376362843437,0.8783333333333334,72.37243785433931,0.886,73.8770170082861,0.8947222222222222,75.58874836458789,0.9034444444444445,77.30047972088967
Adv.,wmt20_google-de,MoverScore_bert_mnli_1-gram_idf(True),0.3283333333333333,0.45333333333333337,38.07106598984773,0.5566666666666666,69.54314720812182,0.6438888888888888,96.10829103214891,0.7033333333333334,114.21319796954319,0.7477777777777778,127.74957698815568,0.7705555555555557,134.68697123519462,0.7883333333333334,140.10152284263967,0.8138888888888889,147.8849407783418,0.8416666666666666,156.34517766497459
Adv.,xpaws-de,MoverScore_bert_mnli_1-gram_idf(True),0.4897029592483684,0.5886062849855913,20.196595480865987,0.6777895133324568,38.40829436129554,0.7706805512714519,57.377148068361336,0.8325924831271047,70.01990030957298,0.8627649652517966,76.18128478864634,0.8756402176598497,78.81048115450349,0.8908828984932422,81.92311924368067,0.8995664379395834,83.6963450905633,0.9066166062970438,85.13602770311715
MT,wmt21.news,SentSim_new_BERTScore_ref,0.25813360979910255,0.313908020616334,21.606799231079954,0.37710515824482854,46.08913521114817,0.44214406030561265,71.2849638796435,0.500973824973317,94.0753958243599,0.5480950278130131,112.32997448088167,0.5832251988380371,125.93927202735955,0.6097069304705018,136.19819633135646,0.631129807170238,144.4973390568655,0.6467112625638781,150.53353690253414
MT,wmt20,SentSim_new_BERTScore_ref,0.543050370390489,0.6053298422745643,11.46845215100254,0.6603227764154159,21.595124949569655,0.7115468150169688,31.027774551616606,0.756769246629409,39.355258350204615,0.7952238568258075,46.43648180443911,0.828167258921253,52.50284394903297,0.856028157354818,57.63328855466525,0.8768333922115266,61.46446812678272,0.8882214190402795,63.56151610790539
Adv.,paws_back,SentSim_new_BERTScore_ref,0.8721666666666666,0.9086666666666667,4.184979935027711,0.9209999999999999,5.599082744123818,0.9220555555555556,5.720109561118547,0.9210555555555556,5.605452576597236,0.9212222222222223,5.6245620740174695,0.9198888888888889,5.471686094655714,0.9178333333333334,5.236002293139697,0.9153888888888889,4.955729664309838,0.9130555555555555,4.688196700426772
Adv.,paws_para,SentSim_new_BERTScore_ref,0.6674444444444444,0.7484999999999999,12.144165140669227,0.8093333333333332,21.258531713001496,0.8455555555555556,26.68553354419845,0.8691666666666666,30.22307308140504,0.8818888888888888,32.12918262027635,0.889611111111111,33.286166139503905,0.8953888888888889,34.15182287331449,0.9008333333333334,34.967537872482126,0.9080555555555555,36.0496087897453
Adv.,wmt20_google-de,SentSim_new_BERTScore_ref,0.6122222222222222,0.6772222222222223,10.617059891107083,0.736111111111111,20.235934664246823,0.7799999999999999,27.404718693284913,0.8066666666666666,31.76043557168784,0.8283333333333334,35.2994555353902,0.8438888888888889,37.84029038112524,0.8555555555555556,39.745916515426515,0.8677777777777779,41.74228675136118,0.8822222222222221,44.101633393829374
Adv.,xpaws-de,SentSim_new_BERTScore_ref,0.5888226461441126,0.6809511450650002,15.646222088125917,0.7636841933216825,29.69681080078108,0.8207197781844447,39.38318839448576,0.8611038182067983,46.24162705794532,0.8728065691877354,48.22911022585203,0.8845279452239017,50.21975649479624,0.8925867027825437,51.58837871260911,0.8999082849485842,52.831806120502755,0.909917021373395,54.53159407708914
Adv.,paws_back,SentSim_new_WMD_ref,0.8335555555555555,0.8824444444444445,5.865102639296205,0.9015,8.151159690749132,0.9085555555555556,8.997600639829395,0.9101666666666666,9.190882431351643,0.9121111111111111,9.424153559050929,0.912388888888889,9.457478005865116,0.910888888888889,9.277525993068526,0.9095555555555556,9.117568648360441,0.9086111111111111,9.004265529192224
Adv.,paws_para,SentSim_new_WMD_ref,0.5753888888888888,0.6742777777777778,17.18644395095106,0.7572222222222221,31.601815197451,0.8108333333333334,40.919185092208195,0.8411111111111111,46.18132663898815,0.8577222222222223,49.06826301052432,0.8700555555555556,51.211740851597966,0.8777777777777778,52.55382832866662,0.8864444444444444,54.06005600077242,0.8967777777777778,55.85594284059092
Adv.,wmt20_google-de,SentSim_new_WMD_ref,0.5511111111111111,0.63,14.314516129032251,0.6894444444444444,25.1008064516129,0.7505555555555554,36.18951612903223,0.7866666666666666,42.741935483870954,0.8094444444444444,46.875,0.8244444444444445,49.5967741935484,0.8433333333333333,53.024193548387075,0.8544444444444443,55.04032258064515,0.8733333333333335,58.4677419354839
Adv.,xpaws-de,SentSim_new_WMD_ref,0.5427198249138498,0.6288200189257632,15.864575064229648,0.7295383606681313,34.42264814703178,0.7898209643493547,45.53014798652861,0.8399187047252905,54.76101409389593,0.857385664678332,57.97942609051208,0.8697965402347949,60.26621846232805,0.880209262014232,62.18483674407038,0.8923707336770783,64.42567466901201,0.9023505732702447,66.26453131935651
